date,open,close,high,low
2013-03-21,71.95397957,88.25,89.98,69.6
2013-03-28,89.0,134.7,146.88,75.51
2013-04-04,134.71656,162.0,290.0,19.9
2013-04-11,162.0,93.063,205.0,0.01
2013-04-18,93.0,154.6,166.99,87.0
2013-04-25,155.0,116.0,169.13,13.0
2013-05-02,116.75,113.5,127.18,80.0
2013-05-09,113.495,108.95,122.5,103.45
2013-05-16,108.98,119.11,122.0,108.2
2013-05-23,118.45,130.35,140.68,118.41
2013-05-30,130.35,121.19,132.87,116.42
2013-06-06,121.33,106.68,121.33,89.9
2013-06-13,106.28,104.99,109.14,95.0
2013-06-20,104.83,98.69,108.0,91.0
2013-06-27,98.01,77.402,98.72,1.0
2013-07-04,77.33,73.98,82.0,62.94
2013-07-11,86.12,91.48,101.39,82.45
2013-07-18,90.85,88.36,95.68,77.0
2013-07-25,88.42,98.18,101.03,87.15
2013-08-01,97.99,97.0,98.91,93.75
2013-08-08,97.0,99.16,101.0,89.51
2013-08-15,99.4,110.43,114.45,96.24
2013-08-22,111.62,118.0,119.76,104.3
2013-08-29,117.95,122.24,134.94,115.0
2013-09-05,122.22,126.34,127.99,115.0
2013-09-12,126.92,126.9,129.11,122.53
2013-09-19,127.0,123.75,127.63,121.5
2013-09-26,123.32,103.85,128.8,83.26
2013-10-03,103.99,123.48,125.0,101.66
2013-10-10,125.67,137.56,150.0,125.0
2013-10-17,137.54,203.99,215.0,133.99
2013-10-24,204.5,198.74,210.995,155.81
2013-10-31,198.7,263.24,265.0,195.28
2013-11-07,263.5,399.9,414.73,262.0
2013-11-14,399.89,599.12,909.0,360.0
2013-11-21,599.12,963.0,969.99,589.9
2013-11-28,962.01,1138.5,1175.0,780.0
2013-12-05,1135.0,879.3,1141.0,538.0
2013-12-12,879.4,520.01,923.71,381.51
2013-12-19,519.74,679.5,721.0,491.0
2013-12-26,680.78,754.22,764.0,677.0
2014-01-02,751.88,781.0,995.0,742.52
2014-01-09,824.89,842.111,915.0,779.99
2014-01-16,842.101,818.0,847.68,765.03
2014-01-23,817.99,791.56,836.7318,726.5
2014-01-30,792.69,778.03,829.0,770.0
2014-02-06,782.0,702.0,829.0,620.0
2014-02-13,652.01,621.75,710.0,535.0
2014-02-20,624.0,584.0,644.93,400.0
2014-02-27,586.49,669.61,719.25,540.2044
2014-03-06,669.61,631.01,676.43,616.23
2014-03-13,636.10235,609.0,648.0,600.0
2014-03-20,608.9841,576.6,609.0,550.09
2014-03-27,577.9999,437.2203,579.4799,431.2
2014-04-03,436.5301,446.58,465.9998,415.46
2014-04-10,442.4499,531.25,547.0,340.0
2014-04-17,531.25,491.78,535.7499,473.83
2014-04-24,492.08,449.0201,504.96,423.11
2014-05-01,449.0201,440.43,463.53,419.4
2014-05-08,440.0,445.0,459.65,430.0
2014-05-15,444.03,494.99,501.0,443.4
2014-05-22,495.0,578.77,597.3,492.25
2014-05-29,580.0,642.0,685.0,563.0
2014-06-05,642.0,657.21,672.0,637.01
2014-06-12,637.6,608.1,647.0,522.15
2014-06-19,608.6,566.75,615.0,560.53
2014-06-26,566.75,654.61,665.0,562.9
2014-07-03,653.5,621.45,654.0,616.73
2014-07-10,623.24,616.48,642.79,608.43
2014-07-17,616.48,619.0,633.6,613.0
2014-07-24,619.0,565.99,619.99,561.55
2014-07-31,566.0,581.36,605.72,561.47
2014-08-07,582.87,586.8,592.7,576.5
2014-08-14,546.25,511.0,546.5,443.0
2014-08-21,510.61,508.35,534.89,491.52
2014-08-28,508.3,474.14,514.77,468.82
2014-09-04,474.14,479.88,497.24,473.1
2014-09-11,478.1,458.3,483.93,451.6
2014-09-18,457.8,424.51,458.3,381.5
2014-09-25,424.51,383.63,426.97,365.0
2014-10-02,382.72,335.97,385.52,275.0
2014-10-09,353.0,394.2,414.42,347.14
2014-10-16,394.2,378.8,400.0,370.2
2014-10-23,378.79,333.58,383.6,332.0
2014-10-30,333.5,338.62,351.0,315.54
2014-11-06,338.62,341.84,354.32,336.32
2014-11-13,432.0,375.26,475.0,366.46
2014-11-20,376.73,369.99,396.87,340.0
2014-11-27,370.0,376.0,390.0,355.51
2014-12-04,376.24,345.08,382.51,343.0
2014-12-11,345.12,318.86,362.99,314.21
2014-12-18,319.5,322.61,337.79,302.32
2014-12-25,322.62,322.3,332.4,307.1
2015-01-01,322.31,297.99,322.9,255.03
2015-01-08,297.89,182.0,298.47,166.45
2015-01-15,181.0,228.08,230.74,179.05
2015-01-22,228.05,234.5,315.0,225.13
2015-01-29,234.49,227.8,248.42,211.02
2015-02-05,227.79,228.8,239.78,210.12
2015-02-12,219.8,236.26,268.54,217.8
2015-02-19,236.27,237.99,248.98,232.1
2015-02-26,237.98,273.33,294.0,233.62
2015-03-05,272.92,276.97,284.99,262.0
2015-03-12,296.52,257.21,298.8,248.0
2015-03-19,257.2,246.29,271.5,235.7
2015-03-26,246.29,246.93,255.96,236.24
2015-04-02,247.07,253.7,262.45,243.0
2015-04-09,244.94,223.98,246.79,216.37
2015-04-16,223.8,234.14,238.99,219.58
2015-04-23,234.35,225.23,237.22,213.92
2015-04-30,225.56,229.27,243.73,224.63
2015-05-07,229.04,237.3,239.79,227.81
2015-05-14,235.72,234.24,239.0,229.0
2015-05-21,234.26,236.48,242.98,233.9
2015-05-28,236.75,225.14,237.5,219.71
2015-06-04,225.14,223.26,229.23,222.29
2015-06-11,228.61,248.95,259.1,228.4
2015-06-18,248.96,239.8,253.7,239.0
2015-06-25,239.75,258.1,269.0,239.5
2015-07-02,258.08,265.72,278.69,252.11
2015-07-09,270.49,285.42,316.23,266.22
2015-07-16,285.42,277.99,295.0,272.0
2015-07-23,277.88,289.92,298.93,275.56
2015-07-30,289.92,282.41,291.0,276.26
2015-08-06,282.58,280.19,282.58,276.07
2015-08-13,267.09,226.32,268.97,162.0
2015-08-20,226.27,226.12,237.94,196.6
2015-08-27,226.13,229.71,238.9,220.11
2015-09-03,229.71,240.85,248.48,226.1
2015-09-10,238.97,228.99,242.89,227.33
2015-09-17,228.99,230.54,236.26,224.25
2015-09-24,230.57,236.49,241.5,230.54
2015-10-01,236.72,244.0,249.01,236.19
2015-10-08,244.0,253.5,255.95,242.62
2015-10-15,253.5,267.8,275.19,253.44
2015-10-22,267.99,304.5,307.99,267.3
2015-10-29,304.5,409.24,504.0,301.5
2015-11-05,409.23,384.99,449.95,351.2
2015-11-12,314.45,335.94,346.44,314.14
2015-11-19,335.83,329.85,336.57,309.46
2015-11-26,329.85,359.12,384.99,329.35
2015-12-03,359.12,418.73,426.59,352.25
2015-12-10,418.86,454.94,475.04,402.5
2015-12-17,454.94,442.62,467.0,424.37
2015-12-24,442.62,423.55,460.05,405.5
2015-12-31,423.51,428.89,436.49,412.5
2016-01-07,428.2,458.78,462.0,427.11
2016-01-14,431.09,419.55,435.0,352.5
2016-01-21,419.65,394.97,424.57,371.25
2016-01-28,394.7,368.98,395.48,360.03
2016-02-04,369.0,372.01,393.89,365.0
2016-02-11,380.97,414.88,421.9,372.25
2016-02-18,414.89,426.36,451.6,409.69
2016-02-25,426.36,422.09,445.0,419.5
2016-03-03,421.7,413.05,424.43,389.0
2016-03-10,412.9,417.28,423.6,406.38
2016-03-17,417.28,418.12,420.6,403.01
2016-03-24,418.12,413.12,431.0,406.51
2016-03-31,413.04,422.57,425.0,413.04
2016-04-07,422.52,422.28,422.86,417.78
2016-04-14,424.77,443.85,446.61,424.01
2016-04-21,443.82,444.85,471.99,442.01
2016-04-28,445.14,447.38,457.49,435.0
2016-05-05,447.22,452.28,466.0,445.01
2016-05-12,452.28,453.52,460.67,445.91
2016-05-19,453.52,449.09,454.71,433.0
2016-05-26,449.09,536.79,570.0,446.01
2016-06-02,536.91,576.88,593.89,532.37
2016-06-09,583.26,696.99,719.0,569.97
2016-06-16,698.0,605.85,789.78,588.88
2016-06-23,605.87,640.0,698.0,555.56
2016-06-30,640.29,677.04,706.98,635.57
2016-07-07,677.35,640.51,682.0,610.1
2016-07-14,653.61,665.85,689.96,649.89
2016-07-21,665.91,655.51,668.0,639.41
2016-07-28,655.5,604.1,660.49,595.0
2016-08-04,579.0,590.28,614.5,579.0
2016-08-11,590.5,571.83,599.75,562.99
2016-08-18,571.95,580.32,590.69,569.71
2016-08-25,580.23,576.15,581.14,567.23
2016-09-01,576.27,619.75,620.85,570.61
2016-09-08,619.95,613.88,640.0,595.36
2016-09-15,613.88,597.43,617.93,591.0
2016-09-22,597.43,603.76,610.1,595.92
2016-09-29,604.01,614.09,618.0,575.0
2016-10-06,614.3,637.63,646.86,612.68
2016-10-13,637.62,631.77,645.8,627.84
2016-10-20,659.49,678.7,685.84,658.46
2016-10-27,734.6,750.85,751.47,723.59
2016-11-03,711.98,724.54,743.06,708.5
2016-11-10,712.0,744.98,747.49,710.0
2016-11-17,749.85,742.0,750.91,730.79
2016-11-24,731.06,739.0,743.14,728.98
2016-12-01,757.18,765.01,774.92,746.16
2016-12-08,775.0,774.49,781.16,771.15
2016-12-15,797.99,829.34,830.5,794.95
2016-12-22,936.42,981.7,983.0,935.93
2016-12-29,1037.6,1139.6,1150.0,1036.4
2017-01-05,905.76,779.54,923.66,760.0
2017-01-12,903.99,887.46,913.85,847.23
2017-01-19,886.45,893.35,899.61,884.2
2017-01-26,966.2,983.73,985.0,960.1
2017-02-02,1052.5,1048.8,1070.0,1006.5
2017-02-09,1013.4,1013.9,1018.2,1002.3
2017-02-16,1130.1,1125.5,1140.0,1106.4
2017-02-23,1189.1,1233.2,1236.4,1186.0
2017-03-02,1232.3,1150.0,1243.6,1142.1
2017-03-09,1244.4,1256.2,1263.9,1241.0
2017-03-16,1115.7,1039.1,1116.0,985.55
2017-03-23,1044.3,1041.8,1059.0,1008.5
2017-03-30,1145.7,1140.4,1146.7,1111.2
2017-04-06,1236.0,1227.4,1244.3,1221.0
2017-04-13,1265.2,1260.5,1272.0,1254.3
2017-04-20,1372.1,1400.0,1411.7,1362.3
2017-04-27,1560.0,1619.0,1627.0,1541.9
2017-05-04,1760.0,1796.9,1817.4,1722.3
2017-05-11,1785.4,1870.0,1894.0,1766.3
2017-05-18,2249.2,2395.5,2444.9,2246.1
2017-05-25,2146.8,2191.8,2241.0,2000.0
2017-06-01,2844.7,2644.0,2850.0,2600.1
2017-06-08,2677.1,2394.3,2722.42278245,2280.0
2017-06-15,2713.6,2624.4,2760.0,2572.3
2017-06-22,2521.2,2518.2,2566.8,2403.2
2017-06-29,2579.9,2598.6,2619.0,2477.9
2017-07-06,2285.5,2375.6,2397.0,2190.0
2017-07-13,2300.4,2253.4,2400.0,2213.9
2017-07-20,2560.9,2527.73811996,2612.0,2404.0
2017-07-27,2731.9,2702.0,2758.0,2610.0
2017-08-03,3415.0,3340.4,3430.0,3235.1
2017-08-10,4151.9,4386.4,4405.0,3925.1
2017-08-17,4083.9,4130.2,4255.2,4045.0
2017-08-24,4587.1,4568.0,4643.0,4481.0
2017-08-31,4375.0,4595.8,4633.7,4352.4
2017-09-07,4149.4,3849.7,4160.0,3731.7
2017-09-14,3892.6,3872.4,4049.0,3829.0
2017-09-21,3881.7,4209.7,4229.5,3876.7
2017-09-28,4309.6,4215.9,4359.2,4174.3
2017-10-05,4777.1,4824.9,4881.4,4715.0
2017-10-12,5597.2,5567.0,5597.9,5114.0
2017-10-19,5510.0,5724.1,5746.9,5365.3
2017-10-26,6455.0,6739.6,6739.9,6344.5
2017-11-02,7102.1,7446.1,7899.9,6977.4
2017-11-09,6590.0,7265.84095228,7319.0,6589.9
2017-11-16,8096.8,8230.0,8310.0,8055.0
2017-11-23,9895.2,9766.1,11441.0,9000.0
2017-11-30,11591.0,13509.0,13599.0,11590.0
2017-12-07,16968.0,16171.0,17293.0,15632.0
2017-12-14,17344.0,16425.0,17709.0,15500.0
2017-12-21,15680.0,15375.0,16494.0,14454.0
2017-12-28,14717.0,15150.0,15428.83091885,14500.0
2018-01-04,14429.0,14900.0,14901.0,13300.0
2018-01-11,11065.0,11108.0,11497.0,9231.1
2018-01-18,10812.0,11391.0,11557.88958366,10430.0
2018-01-25,10171.0,10267.0,10414.0,9760.0
2018-02-01,7677.2,7586.9,8488.9,7175.1
2018-02-08,8512.1,9455.5,9489.0,8512.1
2018-02-15,11212.0,10450.0,11239.0,10200.0
2018-02-22,10583.0,10315.0,11065.0,10261.0
2018-03-01,10719.0,9910.6,10899.0,9400.0
2018-03-08,9136.0,8176.0,9439.6,7916.0
2018-03-15,8899.8,8888.2,9177.5,8752.0
2018-03-22,7784.7,7936.0,8120.2,7702.1
2018-03-29,7405.6,6786.0,7422.0,6670.0
2018-04-05,6836.1,6943.1,7017.4,6794.0
2018-04-12,7888.9,8171.0,8237.2,7870.5
2018-04-19,9646.9,8869.2,9767.4,8765.1
2018-04-26,9071.3,9236.4,9279.9,8968.3
2018-05-03,9184.8,9318.2,9375.8,8980.0
2018-05-10,8468.3,8336.1,8492.7,8100.0
2018-05-17,7977.5,7494.8,8020.0,7402.7
2018-05-24,7465.3,7375.12085307,7560.0,7270.5
2018-05-31,7622.2,7654.0,7700.0,7491.7
2018-06-07,6543.9,6295.1,6611.7,6107.87718467
2018-06-14,6734.8,6760.4,6825.0,6560.0
2018-06-21,6073.4,6133.08668215,6192.7,5984.9
2018-06-28,6509.3,6590.0,6784.9,6414.1
2018-07-05,6301.8,6377.8,6407.9,6286.3
2018-07-12,7319.8,7379.4,7588.0,7246.5
2018-07-19,8389.9,8178.4,8488.1,8073.0
2018-07-26,7737.9,7606.0,7756.1,7440.2
2018-08-02,6718.7,6280.7,6720.1,6128.2
2018-08-09,6189.0,6270.2,6647.6,6180.00532947
2018-08-16,6480.6,6363.8,6899.0,6250.3
2018-08-23,7079.7,7039.0,7139.4,6924.26926081
2018-08-30,7358.9,6704.0,7404.0,6700.0
2018-09-06,6292.3,6332.41672182,6355.0,6202.8
2018-09-13,6334.5,6390.9,6549.9,6100.0
2018-09-20,6442.70984901,6462.4,6558.0,6382.5
2018-09-27,6530.1,6503.2,6555.1,6424.6
2018-10-04,6663.0,6630.07445752,6663.1,6513.52952635
2018-10-11,6754.2,6736.0,6794.0,6674.3
2018-10-18,6550.0,6554.1,6626.3,6536.0
2018-10-25,6330.1,6368.3871592,6419.8,6242.1
2018-11-01,6520.1,6572.9,6615.0,6511.0
2018-11-08,6459.0694273,5922.4,6485.8,5678.0
2018-11-15,4570.9,4662.7,4787.3,4412.3
2018-11-22,3883.4,4305.0,4447.6,3882.9
2018-11-29,3982.2,3772.9,4000.77105811,3750.0
2018-12-06,3435.2,3535.6,3617.4,3415.0
2018-12-13,3780.7,3810.0,4043.0,3756.0
2018-12-20,3909.6,3930.0,3990.0,3812.1
2018-12-27,3963.0,4048.8,4083.470676,3917.9
2019-01-03,4100.0,4083.3,4168.9,4010.0
2019-01-10,3653.3,3673.6,3759.89484429,3642.3589356
2019-01-17,3639.1,3622.3,3677.0,3591.2
2019-01-24,3478.0,3529.6,3550.0,3451.2
2019-01-31,3513.20366088,3451.9,3520.99742772,3405.32458599
2019-02-07,3694.1,3666.1,3742.39039255,3631.0
2019-02-14,3989.8,4055.0,4070.0,3963.0
2019-02-21,3896.8,3900.1,3934.0,3761.2
2019-02-28,3951.6,3951.4,3986.5,3910.9
2019-03-07,3954.1,3946.2,3972.6,3925.1
2019-03-14,4104.5,4127.16189623,4136.5,4072.7
2019-03-21,3992.7,4102.5,4109.9,3979.3
2019-03-28,4922.2,4978.0,5335.5,4842.2
2019-04-04,5217.1,5310.1,5488.0,5193.5
2019-04-11,5234.4,5254.5,5300.0,5206.8
2019-04-18,5547.0,5479.6,5690.0,5407.1
2019-04-25,5599.52273017,5629.5,5655.0,5577.5
2019-05-02,6103.8,6201.5,6230.0,6007.8
2019-05-09,7951.9,8136.6341756,8209.0,7832.45175911
2019-05-16,7931.71147491,7620.0,8039.9,7500.0
2019-05-23,8738.1,8678.0,8796.5,8455.0
2019-05-30,7692.9,7789.3,7936.5,7593.9
2019-06-06,7905.4,8174.0,8250.0,7821.0
2019-06-13,9094.4,9305.9,9340.0,9062.0
2019-06-20,11737.0,12876.0,13764.0,11684.45046273
2019-06-27,10884.0,11982.0,12025.0,10876.0
2019-07-04,12564.0,12093.0,13174.0,11529.0
2019-07-11,9420.0,9682.6,9975.0,9084.7
2019-07-18,9859.0,9768.96811218,9922.55144967,9534.05177698
2019-07-25,9588.9,10088.0,10120.0,9575.49379853
2019-08-01,11471.20065,11999.0,12153.0,11385.0
2019-08-08,10906.0,10064.558229,10909.0,9966.0
2019-08-15,10793.0,10146.95441589,10825.0,9824.0
2019-08-22,10189.0,9727.4,10370.0,9570.0
2019-08-29,10641.04817556,10590.0,10849.0,10410.0
2019-09-05,10121.75849382,10175.0,10300.0,9814.0
2019-09-12,10216.0,10185.0,10278.0,10111.0
2019-09-19,8536.98431152,8475.3,8773.6,8262.0
2019-09-26,8333.67958178,8414.8772103,8420.0,8193.0
2019-10-03,8205.0,8607.5,8719.2,8146.55980111
2019-10-10,8191.1,8016.0,8204.3,7960.0
2019-10-17,8054.0,7493.7,8074.5,7333.4
2019-10-24,9446.9,9184.3,9446.9,9035.0
2019-10-31,9337.19572,9352.8,9475.0,9278.0
2019-11-07,8830.0,8801.1,8849.9,8730.3
2019-11-14,8164.9,8126.4,8257.8,8081.0
2019-11-21,7198.6,7549.3,7689.0,6878.2
2019-11-28,7336.0,7238.3,7890.0,7129.0
2019-12-05,7254.6,7230.72229344,7312.0,7169.0
2019-12-12,6667.0681032,7326.2,7482.2,6477.0
2019-12-19,7276.9,7220.1,7294.2,7113.2
2019-12-26,7208.2,7212.7,7285.1,7185.4
2020-01-02,8158.3,8036.8,8442.0,7877.6
2020-01-09,8771.0,8807.7,8873.0,8560.1
2020-01-16,8734.2,8663.9,8799.9,8580.5
2020-01-23,9393.67551447,9300.3,9442.3,9242.2
2020-01-30,9197.4,9612.0,9731.9,9180.2023255
2020-02-06,10247.0,10338.0,10460.0,10238.0
2020-02-13,10184.0,9592.3,10310.0,9290.0
2020-02-20,9327.4,8813.2,9385.9,8652.7
2020-02-27,8792.3,8788.6,8877.7,8718.4
2020-03-05,7917.9301252,7969.6,8034.6,7634.8
2020-03-12,5339.1,5416.2,5487.96366832,5033.0
2020-03-19,6762.1,6688.2,6968.0,6430.2
2020-03-26,6429.0,6675.0,6726.5,6180.0
2020-04-02,7201.8,7367.0,7420.0,7151.64491202
2020-04-09,6872.9,6633.7227701,6940.6,6620.5
2020-04-16,6849.9405434,7133.0,7164.0,6826.1783037
2020-04-23,7750.6,8778.7,8918.0,7705.1
2020-04-30,9020.1,9152.47099343,9418.0,8913.56992467
2020-05-07,8811.3,9312.0,9408.0,8799.5
2020-05-14,9770.1,9502.0,9842.7,9301.0
2020-05-21,8845.5,9210.29871677,9225.0,8822.2
2020-05-28,9526.9,9676.6,9689.8,9400.0
2020-06-04,9774.0,9898.8,10012.0,9661.6
2020-06-11,9534.5,9473.4,9566.0,9260.0
2020-06-18,9635.2,9312.1,9684.1,9212.0
2020-06-25,9150.6467222,9239.9,9298.0,9109.4
2020-07-02,9267.57549347,9447.0,9497.2,9256.0
2020-07-09,9263.7914,9210.1,9280.0,9179.0
2020-07-16,9402.1,9557.7,9642.4,9305.0
2020-07-23,10931.55841463,11117.0,11355.0,10851.0
2020-07-30,11187.0,11735.81391634,11800.0,11085.0
2020-08-06,11379.0,11583.0,11613.97869844,11100.0
2020-08-13,11961.83967646,11778.0,12025.25974,11608.59604692
2020-08-20,11341.0,11471.10096,11546.0,11219.88888
2020-08-27,11942.89423579,11408.0,11975.0,11183.0
2020-09-03,10150.0,10240.0,10359.0,10010.0
2020-09-10,10797.99361605,10971.25116264,11104.97665904,10682.0
2020-09-17,10549.621726,10263.0,10555.0,10152.0
2020-09-24,10857.0,10795.0,10866.00570211,10684.0
2020-10-01,10613.0,10687.0,10691.0,10563.0
2020-10-08,11442.72553612,11440.0,11564.0,11309.0
2020-10-15,11924.12565284,12810.0,13220.0,11910.0
2020-10-22,13626.0,13267.0,13839.0,12915.0
2020-10-29,14029.5896356,14149.0,14245.0,13530.0
2020-11-05,15311.53062117,15709.3042176,15981.0,15292.0
2020-11-12,17674.53552004,17774.0,18450.0,17119.0
2020-11-19,19133.654712,18727.0,19497.0,18500.0
2020-11-26,18818.027865,19241.0,19344.0,18361.0
2020-12-03,18329.0,18558.0,18630.0,17742.0
2020-12-10,19459.0,21318.0,21444.0,19317.800536
2020-12-17,23804.0,23208.0,24144.0,22655.0
2020-12-24,27312.0,28880.0,28977.0,27312.0
2020-12-31,33978.0,36760.0,36932.0,33335.0
2021-01-07,34104.0,37358.07975004,37776.0,32436.0
2021-01-14,35888.0,35516.0,36422.0,33303.0
2021-01-21,32518.32570147,30421.23654981,32596.0,29283.0
2021-01-28,35576.0,37667.0,37677.35566244,35471.0
2021-02-04,46485.10574522,44841.0,47383.0,43777.0
2021-02-11,49182.0,52116.0,52577.0,49000.0
2021-02-18,48882.0,49716.0,51354.46137096,46902.0
2021-02-25,48511.0,50408.0,52567.0,48183.35073552
2021-03-04,54955.30786704,55985.0,57444.0,53155.0
2021-03-11,56923.0,58849.0,59128.0,54001.0
2021-03-18,54347.0,52328.0,57212.0,51522.0
2021-03-25,58837.0,58796.0,59899.0,56826.0
2021-04-01,57994.0,55962.0,58639.0,55555.0
2021-04-08,63519.0,62914.0,64829.0,61306.0
2021-04-15,56471.151714,53780.0,56790.0,53609.0
2021-04-22,55039.0,54859.0,56432.0,53917.0
2021-04-29,53251.0,57487.0,57898.0,52960.0
2021-05-06,56717.0,49614.0,58000.0,48611.0
2021-05-13,42898.48904022,36733.0,43600.0,29563.0
2021-05-20,38374.0,39301.0,40884.0,37851.57741397
2021-05-27,36673.0,37577.0,38222.0,35933.0
2021-06-03,33416.0,37368.0,37499.0,32469.0
2021-06-10,40143.0,38346.0,40460.0,38121.0
2021-06-17,32572.01808243,33691.0,34778.0,31790.0
2021-06-24,35918.54133667,35063.0,36099.0,34428.0
2021-07-01,34255.06205944,33889.0,35091.0,33810.0
2021-07-08,32729.0,32822.6431619,33128.0,31588.0
2021-07-15,29814.0,32154.0,32850.0,29523.0
2021-07-22,39490.0,40017.0,40900.0,38803.0
2021-07-29,38219.0,39743.0,39965.0,37519.81411605
2021-08-05,45611.0,45531.0,46727.0,45341.0
2021-08-12,44692.0,44721.0,46010.0,44266.0
2021-08-19,47696.45550645,48992.74927858,49255.0,47142.96628448
2021-08-26,47142.0,48823.0,49139.0,46590.0
2021-09-02,46854.0,46070.61738592,47351.0,44472.0
2021-09-09,47134.0,48137.0,48444.0,46724.0
2021-09-16,40748.0,43574.0,44000.0,40601.0
2021-09-23,41046.0,41530.0,42606.0,40804.0
2021-09-30,51497.0,55335.0,55743.0,50438.0
2021-10-07,56000.0,57368.0,57775.0,54300.0
2021-10-14,64263.93176072,66021.0,66958.0,63535.0
2021-10-21,60285.0,58449.27880851,61450.0,57950.0
2021-10-28,63249.0,62900.0,63565.0,60175.0
2021-11-04,66937.19022637,64871.0,68958.0,62866.0
2021-11-11,60069.0,60352.81595949,60851.0,58368.0
2021-11-18,57579.62257756,57166.0,57762.0,55894.51623388
2021-11-25,56988.82934176,57240.0,59055.0,56505.0
2021-12-02,50641.0,50503.43470097,51275.0,48726.0
2021-12-09,48392.0,48901.0,49520.0,46600.0
2021-12-16,48926.48057156,48626.0,49588.0,48459.75038112
2021-12-23,47556.0,46465.0,48166.0,46079.0
2021-12-30,45830.0,43455.0,47058.0,42505.0
2022-01-06,42744.0,43909.0,44315.0,42468.0
2022-01-13,42373.0,41676.0,42596.0,41158.0
2022-01-20,36995.0,36828.54217638,38935.0,36291.6959393
2022-01-27,38717.60475262,36913.0,38879.0,36633.0
2022-02-03,44079.55202568,44431.0,44865.0,43160.0
2022-02-10,44567.0,43909.0,44584.0,43352.0
2022-02-17,38294.0,37305.0,39310.0,37117.0
2022-02-24,44442.0,43952.0,45470.0,43378.82822903
2022-03-03,38764.0,41976.0,42607.0,38692.1802019
2022-03-10,39323.0,41138.0,41788.0,38878.0
2022-03-17,42370.0,42885.0,42995.0,41750.0
2022-03-24,47423.96908156,47049.0,47675.0,46446.0
2022-03-31,45490.44735913,43195.91199284,45520.0,43162.0
2022-04-07,40096.0,41155.0,41555.0,39607.0
2022-04-14,41514.0,41364.0,42223.0,40905.0
2022-04-21,38133.0,39263.0,39496.0,37900.0
2022-04-28,37752.0,39708.11961676,40046.0,37695.0
2022-05-05,31065.32759343,29149.0,32227.0,27900.0
2022-05-12,30440.0,28681.0,30702.0,28632.1300395
2022-05-19,29648.0,29525.65891892,30219.30951769,29333.0
2022-05-26,31798.25894723,29833.0,31974.1614267,29346.0
2022-06-02,31138.0,30226.0,31339.0,29872.0
2022-06-09,22143.0,22594.0,22810.0,20073.0
2022-06-16,20689.23205291,19944.0,20848.0,19730.0
2022-06-23,20271.0,20111.0,20430.0,19844.0
2022-06-30,20168.28749762,20557.05483986,20665.61764153,19758.0
2022-07-07,19308.0,20246.0,20347.0,18912.59691993
2022-07-14,23384.0,23209.0,24276.0,22905.0
2022-07-21,21268.0,22951.0,23100.0,21056.0
2022-07-28,22982.0,22813.87370738,23634.09748227,22680.0
2022-08-04,23141.0,23954.17992196,24227.0,22650.0
2022-08-11,23855.76464293,23332.48537268,24440.0,23170.0
2022-08-18,21528.0,21365.61149467,21930.0,21157.0
2022-08-25,19825.0,20058.0,20495.0,19812.0
2022-09-01,18794.0,19286.0,19463.0,18549.0
2022-09-08,20177.0,20234.10830414,20536.0,19624.0
2022-09-15,18886.0,18473.0,19981.0,18210.0
2022-09-22,19096.0,19419.0,19791.0,18478.0
2022-09-29,20344.0,20156.31380734,20363.0,19750.0
2022-10-06,19063.0,19160.0,19233.0,19025.0
2022-10-13,19332.0,19132.0,19361.0,19081.0
2022-10-20,20105.0,20790.0,21022.0,20077.0
2022-10-27,20501.0,20165.0,20817.0,20078.0
2022-11-03,18557.0,15923.0,18600.0,15588.0
2022-11-10,16887.0,16654.0,17002.0,16347.0
2022-11-17,16219.0,16613.0,16682.0,16168.0
2022-11-24,16454.0,17180.0,17297.0,16446.0
2022-12-01,17095.0,16846.0,17156.0,16701.0
2022-12-08,17786.0,17813.0,18391.0,17678.0
2022-12-15,16917.0,16845.0,16934.0,16750.0
2022-12-22,16719.0,16558.0,16797.0,16444.0
2022-12-29,16689.0,16864.0,17008.0,16671.0
2023-01-05,17446.0,17952.0,18009.0,17316.0
2023-01-12,21136.0,20684.0,21639.0,20408.0
2023-01-19,22627.0,23054.0,23812.0,22324.0
2023-01-26,23136.0,23723.0,23814.0,22757.0
2023-02-02,23245.0,22957.0,23430.0,22691.0
2023-02-09,22197.0,24318.0,24393.0,22063.0
2023-02-16,24466.0,24191.0,24485.0,23578.0
2023-02-23,23146.0,23646.0,24009.0,23036.0
2023-03-02,22209.0,21713.0,22291.0,21590.0
2023-03-09,24730.0,24321.0,25324.0,23931.0
2023-03-16,28111.0,27258.0,28818.0,26591.0
2023-03-23,27266.0,28345.0,28649.0,27253.0
2023-03-30,28153.0,28153.0,28801.0,27828.0
2023-04-06,30189.0,29879.0,30468.0,29677.0
2023-04-13,30392.0,28818.0,30412.0,28582.0
2023-04-20,28325.0,28427.0,30034.0,27234.0
2023-04-27,28680.0,29037.0,29282.0,28129.0
2023-05-04,27668.0,27622.0,28340.0,26850.0
2023-05-11,27058.0,27425.0,27532.0,26612.0
2023-05-18,27238.0,26344.0,27239.0,26067.0
2023-05-25,27720.0,27220.0,27856.0,26858.0
2023-06-01,27234.0,26360.0,27393.0,26157.0
2023-06-08,25953.0,25146.0,26113.0,24838.0
2023-06-15,28326.0,30015.0,30801.0,28286.0
2023-06-22,30715.0,30091.0,30731.0,29842.0
2023-06-29,30783.0,30526.0,30898.0,30232.0
2023-07-06,30656.0,30428.0,30999.0,30260.0
2023-07-13,29874.0,29939.0,30221.0,29804.0
2023-07-20,29269.0,29390.0,29721.0,29149.0
2023-07-27,29733.0,29197.0,30076.0,28957.0
2023-08-03,29790.0,29597.0,30170.0,29393.0
2023-08-10,29200.0,28730.0,29255.0,28728.0
2023-08-17,26066.0,26461.0,26840.0,25840.0
2023-08-24,27749.0,27325.0,27793.0,27040.0
2023-08-31,25798.0,25783.0,26067.0,25444.0
2023-09-07,25854.0,26238.0,26430.0,25797.0
2023-09-14,27245.0,27144.0,27414.0,26804.0
2023-09-21,26250.0,26391.0,26876.0,26147.0
2023-09-28,27431.0,27813.0,27846.0,27211.0
2023-10-05,27425.0,26894.0,27492.0,26562.0
2023-10-12,28409.0,28332.0,28990.0,28166.0
2023-10-19,33953.0,34504.0,35152.0,33720.0
2023-10-26,34670.0,35447.0,35622.0,34111.0
2023-11-02,35439.0,35629.0,36103.0,35106.0
2023-11-09,35550.0,37865.0,37950.0,35374.0
2023-11-16,35756.0,37407.0,37888.0,35660.0
2023-11-23,37815.0,37834.0,38402.0,37555.0
2023-11-30,44113.0,43814.0,44297.0,43444.0
2023-12-07,41518.0,42891.0,43461.0,40666.0
2023-12-14,42309.0,43689.0,44363.0,42244.0
2023-12-21,42569.0,43479.0,43666.0,42171.0
2023-12-28,45003.0,42869.0,45559.0,40383.0
2024-01-04,46100.0,46653.0,47582.0,44268.0
2024-01-11,43175.0,42778.0,43215.0,42216.0
2024-01-18,39937.0,40139.0,40599.0,39526.0
2024-01-25,42955.0,42594.0,43722.0,42304.0
2024-02-01,43084.0,44328.0,44354.0,42788.0
2024-02-08,49774.0,51779.0,52005.0,49298.0
2024-02-15,52167.0,51859.0,52279.0,50439.0
2024-02-22,57013.0,62372.0,63905.0,56668.0
2024-02-29,63771.0,66073.0,67681.0,62783.0
2024-03-07,71232.0,72998.0,73588.0,70976.0
2024-03-14,62022.0,67912.0,68202.0,60870.0
2024-03-21,69996.0,69467.0,71611.0,68251.0
2024-03-28,65494.0,65966.0,66931.0,64587.0
2024-04-04,69163.0,70688.0,71341.0,67559.0
2024-04-11,63884.0,61375.0,64534.0,59810.0
2024-04-18,66479.0,64345.0,67153.0,63666.0
2024-04-25,60845.0,58441.0,60991.0,56711.0
2024-05-02,62434.0,61319.0,63112.0,61020.0
2024-05-09,61655.0,66320.0,66500.0,61436.0
2024-05-16,70165.0,69191.0,70668.0,69000.0
2024-05-23,68487.0,67720.0,68971.0,67225.0
2024-05-30,70594.0,71101.0,71717.0,70409.0
2024-06-06,67330.0,68266.0,70037.0,66919.0
2024-06-13,65257.0,65071.0,65820.0,64784.0
2024-06-20,61878.0,60923.0,62558.0,60789.0
2024-06-27,62217.0,60298.0,62386.0,59476.0
2024-07-04,58205.0,57908.0,59606.0,57353.0
2024-07-11,65180.0,64204.0,66180.0,63958.0
2024-07-18,66101.0,65482.0,67241.0,65229.0
2024-07-25,66348.0,64724.0,66947.0,64630.0
2024-08-01,56142.0,55179.0,57833.0,54659.0
2024-08-08,60666.0,58777.0,61898.0,58558.0
2024-08-15,59172.0,61252.0,61898.0,58957.0
2024-08-22,59540.0,59156.0,60330.0,58085.0
2024-08-29,57658.0,58116.0,58632.0,56010.0
2024-09-05,57759.0,57451.0,58104.0,55732.0
2024-09-12,60435.0,61853.0,61875.0,59293.0
2024-09-19,64386.0,63264.0,64888.0,63077.0
2024-09-26,60948.0,60788.0,62480.0,60139.0
2024-10-03,62223.0,60650.0,62587.0,60346.0
2024-10-10,67132.0,67654.0,68367.0,66861.0
2024-10-17,67412.0,66695.0,67436.0,65265.0
2024-10-24,72705.0,72451.0,73060.0,71510.0
2024-10-31,69458.0,75580.0,76179.0,69396.0
2024-11-07,87932.0,90453.0,93318.0,86137.0
2024-11-14,92247.0,94243.0,94658.0,91404.0
2024-11-21,92087.0,95953.0,97251.0,91904.0
2024-11-28,96044.0,98697.0,99167.0,94735.0
2024-12-05,96660.0,101090.0,101800.0,95771.0
2024-12-12,105990.0,100110.0,106350.0,100060.0
2024-12-19,98721.0,99420.0,99566.0,97732.0
2024-12-26,93758.0,94757.0,95287.0,93072.0
2025-01-02,97015.0,95202.0,97346.0,92540.0
2025-01-09,96702.0,100490.0,100660.0,96664.0
2025-01-16,106150.0,103680.0,106350.0,103400.0
2025-01-23,101450.0,103780.0,104800.0,101420.0
2025-01-30,97778.0,96614.0,99150.0,96172.0
2025-02-06,95950.0,98007.0,98200.0,94398.0
2025-02-13,95835.0,96801.0,97056.0,95250.0
2025-02-20,88881.0,84432.0,89623.0,82925.0
2025-02-27,87470.0,90848.0,91262.0,86603.0
2025-03-06,83148.0,83856.0,84630.0,80843.0
2025-03-13,82933.0,87029.0,87189.0,82759.0
2025-03-20,87588.0,87089.0,88460.0,86057.0
2025-03-27,85196.0,82518.0,88490.0,82335.0
2025-04-03,76333.0,82542.0,83582.0,74634.0
2025-04-10,83649.0,84021.0,85500.0,83111.0
2025-04-17,93339.0,93635.0,94569.0,91919.0
2025-04-24,94426.0,94309.0,95285.0,93436.0
2025-05-01,96970.0,97121.0,97840.0,95944.0
2025-05-08,104120.0,103550.0,104300.0,102510.0
2025-05-15,106740.0,109640.0,110690.0,106020.0
2025-05-22,108850.0,107760.0,109200.0,106750.0
2025-05-29,105370.0,104580.0,105940.0,104250.0
2025-06-05,110160.0,108610.0,110270.0,108010.0
2025-06-12,104770.0,105050.0,105660.0,103630.0
2025-06-19,106120.0,107340.0,108130.0,105920.0
2025-06-26,105910.0,108980.0,109900.0,105270.0
2025-07-03,108400.0,111380.0,111990.0,107630.0
2025-07-10,111420.0,117290.0,123120.0,110670.0
2025-07-17,118690.0,118900.0,119190.0,117500.0
